{"circle": [352, 234, 182], "coordinate": [[260, 317, 430, 463, 88.1618320941925, ["five: 88%"]], [282, 322, 477, 501, 98.15966486930847, ["four: 98%"]], [203, 250, 445, 472, 98.98959398269653, ["two: 98%"]], [358, 402, 304, 334, 99.97591376304626, ["seven: 99%"]], [222, 266, 479, 503, 99.7361958026886, ["three: 99%"]], [265, 316, 202, 236, 99.64120984077454, ["nine: 99%"]], [137, 179, 209, 238, 99.03484582901001, ["eleven: 99%"]], [335, 378, 246, 269, 98.79459142684937, ["eight: 98%"]], [196, 237, 182, 234, 99.76403713226318, ["ten: 99%"]], [355, 399, 373, 402, 98.92414212226868, ["six: 98%"]], [91, 133, 249, 287, 99.69346523284912, ["twelve: 99%"]]]}
