{
    "coordinate": [
        [
            321,
            379,
            270,
            303,
            99.80996251106262,
            [
                "seven: 99%"
            ]
        ],
        [
            278,
            336,
            217,
            253,
            97.42242693901062,
            [
                "eight: 97%"
            ]
        ],
        [
            152,
            200,
            198,
            248,
            99.82424974441528,
            [
                "ten: 99%"
            ]
        ],
        [
            93,
            149,
            243,
            286,
            98.07049632072449,
            [
                "eleven: 98%"
            ]
        ],
        [
            314,
            377,
            402,
            440,
            98.98603558540344,
            [
                "five: 98%"
            ]
        ],
        [
            348,
            406,
            335,
            368,
            99.56499934196472,
            [
                "six: 99%"
            ]
        ],
        [
            266,
            321,
            458,
            496,
            99.8872458934784,
            [
                "four: 99%"
            ]
        ],
        [
            69,
            125,
            323,
            375,
            99.84697699546814,
            [
                "twelve: 99%"
            ]
        ],
        [
            214,
            268,
            184,
            214,
            99.09912347793579,
            [
                "nine: 99%"
            ]
        ],
        [
            98,
            153,
            413,
            432,
            99.09464120864868,
            [
                "one: 99%"
            ]
        ],
        [
            194,
            254,
            475,
            511,
            99.15792942047119,
            [
                "three: 99%"
            ]
        ],
        [
            133,
            185,
            440,
            474,
            99.8047947883606,
            [
                "two: 99%"
            ]
        ]
    ],
    "circle": [
        352,
        234,
        188
    ]
}