{"circle": [352, 234, 188], "coordinate": [[265, 320, 457, 497, 99.8633086681366, ["four: 99%"]], [194, 254, 475, 511, 99.19231534004211, ["three: 99%"]], [279, 337, 215, 251, 97.87203073501587, ["eight: 97%"]], [83, 135, 272, 322, 99.66886639595032, ["twelve: 99%"]], [98, 154, 413, 432, 99.1302490234375, ["one: 99%"]], [116, 167, 223, 259, 99.93775486946106, ["eleven: 99%"]], [234, 281, 193, 220, 99.71504807472229, ["nine: 99%"]], [132, 185, 440, 474, 99.81461763381958, ["two: 99%"]], [344, 393, 373, 410, 99.48468208312988, ["five: 99%"]], [348, 405, 335, 365, 99.11946058273315, ["six: 99%"]], [321, 379, 270, 303, 99.80968832969666, ["seven: 99%"]], [178, 233, 185, 236, 99.89078044891357, ["ten: 99%"]]]}
