{
    "circle": [
        350,
        234,
        188
    ],
    "coordinate": [
        [
            153,
            201,
            461,
            492,
            99.80850219726562,
            [
                "three: 99%"
            ]
        ],
        [
            329,
            387,
            267,
            301,
            98.67475032806396,
            [
                "eight: 98%"
            ]
        ],
        [
            274,
            318,
            469,
            505,
            97.75365591049194,
            [
                "five: 97%"
            ]
        ],
        [
            285,
            336,
            208,
            237,
            97.60439991950989,
            [
                "nine: 97%"
            ]
        ],
        [
            208,
            256,
            187,
            238,
            99.83726143836975,
            [
                "ten: 99%"
            ]
        ],
        [
            343,
            395,
            351,
            386,
            99.9525785446167,
            [
                "seven: 99%"
            ]
        ],
        [
            324,
            374,
            421,
            456,
            98.70932698249817,
            [
                "six: 98%"
            ]
        ],
        [
            72,
            126,
            300,
            355,
            99.75994229316711,
            [
                "twelve: 99%"
            ]
        ],
        [
            78,
            127,
            398,
            423,
            96.88569903373718,
            [
                "one: 96%"
            ]
        ],
        [
            105,
            157,
            435,
            468,
            99.82205033302307,
            [
                "two: 99%"
            ]
        ],
        [
            128,
            172,
            232,
            273,
            98.9367663860321,
            [
                "eleven: 98%"
            ]
        ],
        [
            208,
            260,
            474,
            508,
            99.76286292076111,
            [
                "four: 99%"
            ]
        ]
    ]
}